[
  {
    "baseType": 3,
    "name": "Category",
    "defaultValue": "",
    "description": "Category",
    "helpText": "",
    "isSystem": false,
    "minLength": 0,
    "maxLength": 100,
    "validationRegex": "",
    "isValidate": false,
    "uuid": "3b882500-8f4f-49be-b59d-dd2cefb4d06e"
  },
  {
    "baseType": 3,
    "name": "Description",
    "defaultValue": "",
    "description": "Symptom",
    "helpText": "",
    "isSystem": false,
    "minLength": 0,
    "maxLength": 2000,
    "validationRegex": "",
    "isValidate": false,
    "uuid": "cb400a48-3756-4d29-b21a-4ed1cadc8e2f"
  },
  {
    "baseType": 3,
    "name": "IncidentID",
    "defaultValue": "",
    "description": "",
    "helpText": "",
    "isSystem": false,
    "minLength": 0,
    "maxLength": 100,
    "validationRegex": "",
    "isValidate": false,
    "uuid": "1958f6bc-6b8d-423b-acaf-75f5672bc6b0"
  },
  {
    "baseType": 3,
    "name": "Owner",
    "defaultValue": "",
    "description": "Owner",
    "helpText": "",
    "isSystem": false,
    "minLength": 0,
    "maxLength": 100,
    "validationRegex": "",
    "isValidate": false,
    "uuid": "2f10329c-738e-44b4-baef-5d9806b4cac1"
  },
  {
    "baseType": 3,
    "name": "OwnerTeam",
    "defaultValue": "",
    "description": "OwnerTeam",
    "helpText": "",
    "isSystem": false,
    "minLength": 0,
    "maxLength": 100,
    "validationRegex": "",
    "isValidate": false,
    "uuid": "cdd8590c-57a5-4357-87c7-6a6ab9f7f3d3"
  },
  {
    "baseType": 3,
    "name": "Phone",
    "defaultValue": "",
    "description": "Primary Phone",
    "helpText": "",
    "isSystem": false,
    "minLength": 0,
    "maxLength": 30,
    "validationRegex": "",
    "isValidate": false,
    "uuid": "0ae728e6-e6f3-4b38-ba62-c6781872f653"
  },
  {
    "baseType": 3,
    "name": "RecId",
    "defaultValue": "",
    "description": "This is used to route the incident back to Ivanti Service Manager.",
    "helpText": "",
    "isSystem": false,
    "minLength": 0,
    "maxLength": 100,
    "validationRegex": "",
    "isValidate": false,
    "uuid": "f2a8b299-c28d-4a7a-9172-47d823f9e1d4"
  },
  {
    "baseType": 3,
    "name": "RequestedBy",
    "defaultValue": "",
    "description": "ProfileFullName",
    "helpText": "",
    "isSystem": false,
    "minLength": 0,
    "maxLength": 100,
    "validationRegex": "",
    "isValidate": false,
    "uuid": "fe10999c-b68e-4655-9288-b34f64aa5381"
  },
  {
    "baseType": 3,
    "name": "Status",
    "defaultValue": "",
    "description": "",
    "helpText": "",
    "isSystem": false,
    "minLength": 0,
    "maxLength": 100,
    "validationRegex": "",
    "isValidate": false,
    "uuid": "b50a09bb-975f-4bd2-8beb-da1e464dac5a"
  },
  {
    "baseType": 3,
    "name": "Summary",
    "defaultValue": "",
    "description": "",
    "helpText": "",
    "isSystem": false,
    "minLength": 0,
    "maxLength": 255,
    "validationRegex": "",
    "isValidate": false,
    "uuid": "3726e385-d935-4c55-9f54-0a4797bf74d8"
  },
  {
    "baseType": 3,
    "name": "Type",
    "defaultValue": "",
    "description": "",
    "helpText": "",
    "isSystem": false,
    "minLength": 0,
    "maxLength": 100,
    "validationRegex": "",
    "isValidate": false,
    "uuid": "782a5cd2-c4bc-40bb-aea8-ffb088cf780a"
  }
]