{
  "name": "Incident",
  "form": "f29e27ba-a53c-40aa-b555-b8b92ce5e65b",
  "blocks": [
    {
      "id": "217a9f22-ee40-4ca8-835d-55d2555ee283",
      "label": "Acknowledge",
      "environment": "HOSTED",
      "presentation": "{}",
      "step": "b66d3b67-6c22-49bf-af4e-aa5f4955b203",
      "stepType": "INTEGRATION"
    },
    {
      "id": "24a98bff-cf96-4dac-9842-76b6994321d5",
      "label": "Assign to me",
      "environment": "HOSTED",
      "presentation": "{}",
      "step": "b442f6cf-7bf3-4ce8-a5aa-cbb3a7256d80",
      "stepType": "INTEGRATION"
    },
    {
      "id": "4a820ac4-5267-4229-be4e-6febb1f7473c",
      "endpoint": "xMatters",
      "label": "Create Event | Trigger Payload",
      "environment": "HOSTED",
      "presentation": "{\"w\":60,\"x\":926,\"h\":60,\"y\":290}",
      "step": "69ff17e1-46b0-4318-9d19-a43291086d32",
      "stepType": "SCRIPT_STEP",
      "inputMappings": [
        {
          "inputPort": "input",
          "mapping": "${6f08899c-0552-498c-91a7-e8d21875a248.Initial Trigger Payload}",
          "stepInput": "02cb9a16-29d7-4e95-92d9-62fcca7ec40e"
        }
      ]
    },
    {
      "id": "3acea399-cd8f-4481-a2e4-fff3afbc1db5",
      "label": "Delivery Status",
      "environment": "HOSTED",
      "presentation": "{\"w\":60,\"x\":720,\"h\":60,\"y\":1122}",
      "stepType": "SWITCH",
      "inputMappings": [
        {
          "inputPort": "input",
          "mapping": "${triggerOutputDELIVERYSTATUS.notification.deliveryStatus}"
        }
      ],
      "switchCases": [
        {
          "caseId": "d65a7821-9017-4fcf-9f67-09f775d27a49",
          "caseValue": "FAILED"
        },
        {
          "caseId": "a6428920-692b-45db-a23c-5160ca4192d7",
          "caseValue": "UNCHANGED"
        }
      ]
    },
    {
      "id": "2f28e3cc-48db-41ee-a5a4-60430b37181c",
      "label": "Escalate",
      "environment": "HOSTED",
      "presentation": "{}",
      "step": "7566dbcb-23ef-4218-b923-f050a1b0e49b",
      "stepType": "INTEGRATION"
    },
    {
      "id": "5a259bb3-f87b-4cb5-a8ac-e1f6eb03fb0f",
      "label": "Get Events",
      "environment": "HOSTED",
      "presentation": "{\"w\":60,\"x\":168,\"h\":60,\"y\":149}",
      "step": "f36cf6ba-2225-5cb3-831f-030a05527c72",
      "stepType": "SCRIPT_STEP",
      "inputMappings": [
        {
          "inputPort": "input",
          "mapping": "ACTIVE,SUSPENDED",
          "stepInput": "fa86536b-3508-56de-884b-503596bd64c2"
        },
        {
          "inputPort": "input",
          "mapping": "RecId#en",
          "stepInput": "72cd05cc-dfe2-5933-b85c-edcf1df9f56f"
        },
        {
          "inputPort": "input",
          "mapping": "${6f08899c-0552-498c-91a7-e8d21875a248.RecId}",
          "stepInput": "b58893a5-ffaf-502d-982b-613dcd7b2232"
        },
        {
          "inputPort": "input",
          "mapping": "TRUE",
          "stepInput": "3bb89cc9-b89f-5291-9c54-1da7bc6c051a"
        },
        {
          "inputPort": "input",
          "mapping": "Ivanti Service Manager | 1.0",
          "stepInput": "2cdea754-ab00-580e-a138-e46854bd93ae"
        }
      ]
    },
    {
      "id": "955ee67e-783f-4556-9d7d-36ca4db0016d",
      "label": "Incident - Device Delivery Updates",
      "environment": "HOSTED",
      "presentation": "{\"w\":60,\"x\":342,\"h\":60,\"y\":1557}",
      "step": "69a64e00-5922-4e0d-b322-280833e1309c",
      "stepType": "INTEGRATION"
    },
    {
      "id": "15fe06b6-a662-475e-ab0e-8d3af434a8b4",
      "label": "Incident - Event Comments",
      "environment": "HOSTED",
      "presentation": "{\"w\":60,\"x\":344,\"h\":60,\"y\":1730}",
      "step": "f7b724de-13ec-442c-af26-fbf8d946916d",
      "stepType": "INTEGRATION"
    },
    {
      "id": "cb82fe8d-d07f-4504-bb47-d37736dff8d5",
      "endpoint": "Ivanti",
      "label": "Ivanti | Add Notes",
      "environment": "HOSTED",
      "presentation": "{\"w\":60,\"x\":707,\"h\":60,\"y\":796}",
      "step": "7fccd026-2665-45da-9211-f180bb917e57",
      "stepType": "SCRIPT_STEP",
      "inputMappings": [
        {
          "inputPort": "input",
          "mapping": "${d79f591b-c75f-42fc-9c07-1a2c07f80010.Session Key Parsed}",
          "stepInput": "9d80dab4-fec2-46d9-99e7-12d7f536e162"
        },
        {
          "inputPort": "input",
          "mapping": "${event.properties.RecId}",
          "stepInput": "0ac06c0c-7faa-4c65-b622-d8c0a4a26a40"
        },
        {
          "inputPort": "input",
          "mapping": "${constants.Notes Prefix Default} ${triggerOutputRESPONSE.respondedTo.by.firstName} ${triggerOutputRESPONSE.respondedTo.by.lastName} | ${triggerOutputRESPONSE.response.deviceName} responded [ ${triggerOutputRESPONSE.response.response} ]",
          "stepInput": "aa847da7-cdfb-48ab-b3ee-4bffcc54d838"
        }
      ]
    },
    {
      "id": "21e389d1-e4d4-47f6-ad1d-9480adeaf042",
      "endpoint": "Ivanti",
      "label": "Ivanti | Add Notes",
      "environment": "HOSTED",
      "presentation": "{\"w\":60,\"x\":682,\"h\":60,\"y\":1730}",
      "step": "7fccd026-2665-45da-9211-f180bb917e57",
      "stepType": "SCRIPT_STEP",
      "inputMappings": [
        {
          "inputPort": "input",
          "mapping": "${38cad8b6-8f8e-4d27-9215-5cd718a3804c.Session Key Parsed}",
          "stepInput": "9d80dab4-fec2-46d9-99e7-12d7f536e162"
        },
        {
          "inputPort": "input",
          "mapping": "${event.properties.RecId}",
          "stepInput": "0ac06c0c-7faa-4c65-b622-d8c0a4a26a40"
        },
        {
          "inputPort": "input",
          "mapping": "${constants.Notes Prefix Default} ${triggerOutputANNOTATION.annotation.author.firstName} ${triggerOutputANNOTATION.annotation.author.lastName} commented [ ${triggerOutputANNOTATION.annotation.comment} ]",
          "stepInput": "aa847da7-cdfb-48ab-b3ee-4bffcc54d838"
        }
      ]
    },
    {
      "id": "2a039e9f-c2c6-49de-a319-161d170835e7",
      "endpoint": "Ivanti",
      "label": "Ivanti | Add Notes",
      "environment": "HOSTED",
      "presentation": "{\"w\":60,\"x\":926,\"h\":60,\"y\":1257}",
      "step": "7fccd026-2665-45da-9211-f180bb917e57",
      "stepType": "SCRIPT_STEP",
      "inputMappings": [
        {
          "inputPort": "input",
          "mapping": "${0f494200-ac1c-4c6f-a276-5854b9d2b91d.Session Key Parsed}",
          "stepInput": "9d80dab4-fec2-46d9-99e7-12d7f536e162"
        },
        {
          "inputPort": "input",
          "mapping": "${event.properties.RecId}",
          "stepInput": "0ac06c0c-7faa-4c65-b622-d8c0a4a26a40"
        },
        {
          "inputPort": "input",
          "mapping": "${constants.Notes Prefix Default} Notification ${triggerOutputDELIVERYSTATUS.notification.deliveryStatus} to ${triggerOutputDELIVERYSTATUS.notification.recipient.targetName}",
          "stepInput": "aa847da7-cdfb-48ab-b3ee-4bffcc54d838"
        }
      ]
    },
    {
      "id": "61200235-4e6e-4974-b3ca-29d26f0a7d95",
      "endpoint": "Ivanti",
      "label": "Ivanti | Add Notes",
      "environment": "HOSTED",
      "presentation": "{\"w\":60,\"x\":935,\"h\":60,\"y\":1557}",
      "step": "7fccd026-2665-45da-9211-f180bb917e57",
      "stepType": "SCRIPT_STEP",
      "inputMappings": [
        {
          "inputPort": "input",
          "mapping": "${0f494200-ac1c-4c6f-a276-5854b9d2b91d.Session Key Parsed}",
          "stepInput": "9d80dab4-fec2-46d9-99e7-12d7f536e162"
        },
        {
          "inputPort": "input",
          "mapping": "${event.properties.RecId}",
          "stepInput": "0ac06c0c-7faa-4c65-b622-d8c0a4a26a40"
        },
        {
          "inputPort": "input",
          "mapping": "${constants.Notes Prefix Default} Notification ${triggerOutputDELIVERYSTATUS.notification.deliveryStatus} to${triggerOutputDELIVERYSTATUS.notification.recipient.owner.firstName} ${triggerOutputDELIVERYSTATUS.notification.recipient.owner.lastName} | ${triggerOutputDELIVERYSTATUS.notification.recipient.name}",
          "stepInput": "aa847da7-cdfb-48ab-b3ee-4bffcc54d838"
        }
      ]
    },
    {
      "id": "2a552aec-222e-40b0-92ef-a367f41a8f22",
      "endpoint": "Ivanti",
      "label": "Ivanti | Assign Incident",
      "environment": "HOSTED",
      "presentation": "{\"w\":60,\"x\":704,\"h\":60,\"y\":640}",
      "step": "3c81325e-472c-48e9-a41f-2a1b393d91bb",
      "stepType": "SCRIPT_STEP",
      "inputMappings": [
        {
          "inputPort": "input",
          "mapping": "${5f5a3d6d-5938-4746-aa9b-2c5371dee3b9.Session Key Parsed}",
          "stepInput": "8d05544f-a5c8-4acc-8cf0-2812f6e9a731"
        },
        {
          "inputPort": "input",
          "mapping": "${event.properties.RecId}",
          "stepInput": "dd7592ee-53fa-4daf-add0-4199f4418426"
        },
        {
          "inputPort": "input",
          "mapping": "${constants.Notes Prefix Default} ${triggerOutputRESPONSE.respondedTo.by.firstName} ${triggerOutputRESPONSE.respondedTo.by.lastName} | ${triggerOutputRESPONSE.response.deviceName} responded [ ${triggerOutputRESPONSE.response.response} ]",
          "stepInput": "89fd0011-e5d4-446b-9ab8-659f90b3ca03"
        },
        {
          "inputPort": "input",
          "mapping": "${triggerOutputRESPONSE.respondedTo.by.targetName}",
          "stepInput": "d41667af-5f07-4a3f-ac8c-f1b715d4e7d4"
        }
      ]
    },
    {
      "id": "240e6944-318f-491e-94d6-a1434e4017b7",
      "endpoint": "Ivanti",
      "label": "Ivanti | Release Session Key",
      "environment": "HOSTED",
      "presentation": "{\"w\":60,\"x\":1100,\"h\":60,\"y\":1557}",
      "step": "c3d2abf1-1f14-42a0-b5a8-13540cdb785a",
      "stepType": "SCRIPT_STEP",
      "inputMappings": [
        {
          "inputPort": "input",
          "mapping": "${0f494200-ac1c-4c6f-a276-5854b9d2b91d.Session Key Parsed}",
          "stepInput": "eca915d3-63ac-4ba1-91e9-f9b5f180b37d"
        }
      ]
    },
    {
      "id": "37c52475-3519-4098-bdf4-3fb33539d403",
      "endpoint": "Ivanti",
      "label": "Ivanti | Release Session Key",
      "environment": "HOSTED",
      "presentation": "{\"w\":60,\"x\":848,\"h\":60,\"y\":1730}",
      "step": "c3d2abf1-1f14-42a0-b5a8-13540cdb785a",
      "stepType": "SCRIPT_STEP",
      "inputMappings": [
        {
          "inputPort": "input",
          "mapping": "${38cad8b6-8f8e-4d27-9215-5cd718a3804c.Session Key Parsed}",
          "stepInput": "eca915d3-63ac-4ba1-91e9-f9b5f180b37d"
        }
      ]
    },
    {
      "id": "42b40d24-6959-4682-ba3d-61d2852b96ad",
      "endpoint": "Ivanti",
      "label": "Ivanti | Release Session Key",
      "environment": "HOSTED",
      "presentation": "{\"w\":60,\"x\":880,\"h\":60,\"y\":640}",
      "step": "c3d2abf1-1f14-42a0-b5a8-13540cdb785a",
      "stepType": "SCRIPT_STEP",
      "inputMappings": [
        {
          "inputPort": "input",
          "mapping": "${5f5a3d6d-5938-4746-aa9b-2c5371dee3b9.Session Key Parsed}",
          "stepInput": "eca915d3-63ac-4ba1-91e9-f9b5f180b37d"
        }
      ]
    },
    {
      "id": "45df37e0-d043-40ba-b785-b4316fe7219e",
      "endpoint": "Ivanti",
      "label": "Ivanti | Release Session Key",
      "environment": "HOSTED",
      "presentation": "{\"w\":60,\"x\":883,\"h\":60,\"y\":796}",
      "step": "c3d2abf1-1f14-42a0-b5a8-13540cdb785a",
      "stepType": "SCRIPT_STEP",
      "inputMappings": [
        {
          "inputPort": "input",
          "mapping": "${d79f591b-c75f-42fc-9c07-1a2c07f80010.Session Key Parsed}",
          "stepInput": "eca915d3-63ac-4ba1-91e9-f9b5f180b37d"
        }
      ]
    },
    {
      "id": "d79f591b-c75f-42fc-9c07-1a2c07f80010",
      "endpoint": "Ivanti",
      "label": "Ivanti | Retrieve Session Key",
      "environment": "HOSTED",
      "presentation": "{\"w\":60,\"x\":532,\"h\":60,\"y\":796}",
      "step": "0acbd9b4-85b5-4499-a0db-f1e81a77ff0c",
      "stepType": "SCRIPT_STEP"
    },
    {
      "id": "0f494200-ac1c-4c6f-a276-5854b9d2b91d",
      "endpoint": "Ivanti",
      "label": "Ivanti | Retrieve Session Key",
      "environment": "HOSTED",
      "presentation": "{\"w\":60,\"x\":513,\"h\":60,\"y\":1557}",
      "step": "0acbd9b4-85b5-4499-a0db-f1e81a77ff0c",
      "stepType": "SCRIPT_STEP"
    },
    {
      "id": "38cad8b6-8f8e-4d27-9215-5cd718a3804c",
      "endpoint": "Ivanti",
      "label": "Ivanti | Retrieve Session Key",
      "environment": "HOSTED",
      "presentation": "{\"w\":60,\"x\":515,\"h\":60,\"y\":1730}",
      "step": "0acbd9b4-85b5-4499-a0db-f1e81a77ff0c",
      "stepType": "SCRIPT_STEP"
    },
    {
      "id": "5f5a3d6d-5938-4746-aa9b-2c5371dee3b9",
      "endpoint": "Ivanti",
      "label": "Ivanti | Retrieve Session Key",
      "environment": "HOSTED",
      "presentation": "{\"w\":60,\"x\":532,\"h\":60,\"y\":640}",
      "step": "0acbd9b4-85b5-4499-a0db-f1e81a77ff0c",
      "stepType": "SCRIPT_STEP"
    },
    {
      "id": "ea82719b-1fbd-4024-a2cc-c1a53f92d1a9",
      "label": "Number Events Found",
      "environment": "HOSTED",
      "presentation": "{\"w\":60,\"x\":340,\"h\":60,\"y\":0}",
      "stepType": "SWITCH",
      "inputMappings": [
        {
          "inputPort": "input",
          "mapping": "${5a259bb3-f87b-4cb5-a8ac-e1f6eb03fb0f.Total Event Count}"
        }
      ],
      "switchCases": [
        {
          "caseId": "61654fea-2939-4f21-a825-116e1c1a5204",
          "caseValue": "0"
        }
      ]
    },
    {
      "id": "79a0b524-1545-4f5d-8d49-45f024859fc0",
      "label": "Responses",
      "environment": "HOSTED",
      "presentation": "{\"w\":100,\"x\":340,\"h\":50,\"y\":484}",
      "stepType": "RESPONSES"
    },
    {
      "id": "6f08899c-0552-498c-91a7-e8d21875a248",
      "label": "Step 00 | Ivanti Inbound",
      "environment": "HOSTED",
      "presentation": "{\"w\":60,\"x\":35,\"h\":60,\"y\":149}",
      "step": "31462c20-09d4-4bd3-9f7c-6676590b947b",
      "stepType": "INTEGRATION"
    },
    {
      "id": "22996e63-0730-410c-bf95-99501ae2ec26",
      "label": "Terminate Events",
      "environment": "HOSTED",
      "presentation": "{\"w\":60,\"x\":504,\"h\":60,\"y\":285}",
      "step": "798e3053-b4b4-5e8c-ba84-8a11c3be6237",
      "stepType": "SCRIPT_STEP",
      "inputMappings": [
        {
          "inputPort": "input",
          "mapping": "${5a259bb3-f87b-4cb5-a8ac-e1f6eb03fb0f.Event IDs}",
          "stepInput": "4fdf2591-4925-5682-8911-f0163d7f98dd"
        }
      ]
    },
    {
      "id": "420bea53-6e06-4f86-8162-137011776d76",
      "label": "Type",
      "environment": "HOSTED",
      "presentation": "{\"w\":60,\"x\":726,\"h\":60,\"y\":5}",
      "stepType": "SWITCH",
      "inputMappings": [
        {
          "inputPort": "input",
          "mapping": "${6f08899c-0552-498c-91a7-e8d21875a248.Type}"
        }
      ],
      "switchCases": [
        {
          "caseId": "af50ea7e-6703-45fa-a8a4-9d2fe0095dc2",
          "caseValue": "Terminate"
        }
      ]
    }
  ],
  "edges": [
    {
      "fromBlock": "955ee67e-783f-4556-9d7d-36ca4db0016d",
      "fromPort": "output",
      "toBlock": "0f494200-ac1c-4c6f-a276-5854b9d2b91d",
      "toPort": "input"
    },
    {
      "fromBlock": "cb82fe8d-d07f-4504-bb47-d37736dff8d5",
      "fromPort": "output",
      "toBlock": "45df37e0-d043-40ba-b785-b4316fe7219e",
      "toPort": "input"
    },
    {
      "fromBlock": "d79f591b-c75f-42fc-9c07-1a2c07f80010",
      "fromPort": "output",
      "toBlock": "cb82fe8d-d07f-4504-bb47-d37736dff8d5",
      "toPort": "input"
    },
    {
      "fromBlock": "ea82719b-1fbd-4024-a2cc-c1a53f92d1a9",
      "fromPort": "output",
      "toBlock": "22996e63-0730-410c-bf95-99501ae2ec26",
      "toPort": "input"
    },
    {
      "fromBlock": "ea82719b-1fbd-4024-a2cc-c1a53f92d1a9",
      "fromPort": "61654fea-2939-4f21-a825-116e1c1a5204",
      "toBlock": "420bea53-6e06-4f86-8162-137011776d76",
      "toPort": "input"
    },
    {
      "fromBlock": "0f494200-ac1c-4c6f-a276-5854b9d2b91d",
      "fromPort": "output",
      "toBlock": "3acea399-cd8f-4481-a2e4-fff3afbc1db5",
      "toPort": "input"
    },
    {
      "fromBlock": "15fe06b6-a662-475e-ab0e-8d3af434a8b4",
      "fromPort": "output",
      "toBlock": "38cad8b6-8f8e-4d27-9215-5cd718a3804c",
      "toPort": "input"
    },
    {
      "fromBlock": "217a9f22-ee40-4ca8-835d-55d2555ee283",
      "fromPort": "output",
      "toBlock": "d79f591b-c75f-42fc-9c07-1a2c07f80010",
      "toPort": "input"
    },
    {
      "fromBlock": "21e389d1-e4d4-47f6-ad1d-9480adeaf042",
      "fromPort": "output",
      "toBlock": "37c52475-3519-4098-bdf4-3fb33539d403",
      "toPort": "input"
    },
    {
      "fromBlock": "22996e63-0730-410c-bf95-99501ae2ec26",
      "fromPort": "output",
      "toBlock": "420bea53-6e06-4f86-8162-137011776d76",
      "toPort": "input"
    },
    {
      "fromBlock": "24a98bff-cf96-4dac-9842-76b6994321d5",
      "fromPort": "output",
      "toBlock": "5f5a3d6d-5938-4746-aa9b-2c5371dee3b9",
      "toPort": "input"
    },
    {
      "fromBlock": "2a039e9f-c2c6-49de-a319-161d170835e7",
      "fromPort": "output",
      "toBlock": "240e6944-318f-491e-94d6-a1434e4017b7",
      "toPort": "input"
    },
    {
      "fromBlock": "2a552aec-222e-40b0-92ef-a367f41a8f22",
      "fromPort": "output",
      "toBlock": "42b40d24-6959-4682-ba3d-61d2852b96ad",
      "toPort": "input"
    },
    {
      "fromBlock": "2f28e3cc-48db-41ee-a5a4-60430b37181c",
      "fromPort": "output",
      "toBlock": "d79f591b-c75f-42fc-9c07-1a2c07f80010",
      "toPort": "input"
    },
    {
      "fromBlock": "38cad8b6-8f8e-4d27-9215-5cd718a3804c",
      "fromPort": "output",
      "toBlock": "21e389d1-e4d4-47f6-ad1d-9480adeaf042",
      "toPort": "input"
    },
    {
      "fromBlock": "3acea399-cd8f-4481-a2e4-fff3afbc1db5",
      "fromPort": "d65a7821-9017-4fcf-9f67-09f775d27a49",
      "toBlock": "2a039e9f-c2c6-49de-a319-161d170835e7",
      "toPort": "input"
    },
    {
      "fromBlock": "3acea399-cd8f-4481-a2e4-fff3afbc1db5",
      "fromPort": "output",
      "toBlock": "61200235-4e6e-4974-b3ca-29d26f0a7d95",
      "toPort": "input"
    },
    {
      "fromBlock": "420bea53-6e06-4f86-8162-137011776d76",
      "fromPort": "output",
      "toBlock": "4a820ac4-5267-4229-be4e-6febb1f7473c",
      "toPort": "input"
    },
    {
      "fromBlock": "5a259bb3-f87b-4cb5-a8ac-e1f6eb03fb0f",
      "fromPort": "output",
      "toBlock": "ea82719b-1fbd-4024-a2cc-c1a53f92d1a9",
      "toPort": "input"
    },
    {
      "fromBlock": "5f5a3d6d-5938-4746-aa9b-2c5371dee3b9",
      "fromPort": "output",
      "toBlock": "2a552aec-222e-40b0-92ef-a367f41a8f22",
      "toPort": "input"
    },
    {
      "fromBlock": "61200235-4e6e-4974-b3ca-29d26f0a7d95",
      "fromPort": "output",
      "toBlock": "240e6944-318f-491e-94d6-a1434e4017b7",
      "toPort": "input"
    },
    {
      "fromBlock": "6f08899c-0552-498c-91a7-e8d21875a248",
      "fromPort": "output",
      "toBlock": "5a259bb3-f87b-4cb5-a8ac-e1f6eb03fb0f",
      "toPort": "input"
    }
  ]
}