{
  "integrations": [
    {
      "id": "b66d3b67-6c22-49bf-af4e-aa5f4955b203",
      "name": "Incident - Acknowledge",
      "action": "RUN_SCRIPT",
      "type": "OUTBOUND_WEBHOOK",
      "triggeredBy": "RESPONSE",
      "responseChoice": "Acknowledge",
      "deployed": true,
      "form": "f29e27ba-a53c-40aa-b555-b8b92ce5e65b",
      "environment": "HOSTED",
      "authType": "NONE",
      "createdBy": "FLOW"
    },
    {
      "id": "b442f6cf-7bf3-4ce8-a5aa-cbb3a7256d80",
      "name": "Incident - Assign to me",
      "action": "RUN_SCRIPT",
      "type": "OUTBOUND_WEBHOOK",
      "triggeredBy": "RESPONSE",
      "responseChoice": "Assign to me",
      "deployed": true,
      "form": "f29e27ba-a53c-40aa-b555-b8b92ce5e65b",
      "environment": "HOSTED",
      "authType": "NONE",
      "createdBy": "FLOW"
    },
    {
      "id": "69a64e00-5922-4e0d-b322-280833e1309c",
      "name": "Incident - Device Delivery Updates",
      "action": "RUN_SCRIPT",
      "type": "OUTBOUND_WEBHOOK",
      "triggeredBy": "DELIVERYSTATUS",
      "deployed": true,
      "form": "f29e27ba-a53c-40aa-b555-b8b92ce5e65b",
      "environment": "HOSTED",
      "authType": "NONE",
      "createdBy": "FLOW"
    },
    {
      "id": "7566dbcb-23ef-4218-b923-f050a1b0e49b",
      "name": "Incident - Escalate",
      "action": "RUN_SCRIPT",
      "type": "OUTBOUND_WEBHOOK",
      "triggeredBy": "RESPONSE",
      "responseChoice": "Escalate",
      "deployed": true,
      "form": "f29e27ba-a53c-40aa-b555-b8b92ce5e65b",
      "environment": "HOSTED",
      "authType": "NONE",
      "createdBy": "FLOW"
    },
    {
      "id": "f7b724de-13ec-442c-af26-fbf8d946916d",
      "name": "Incident - Event Comments",
      "action": "RUN_SCRIPT",
      "type": "OUTBOUND_WEBHOOK",
      "triggeredBy": "ANNOTATION",
      "deployed": true,
      "form": "f29e27ba-a53c-40aa-b555-b8b92ce5e65b",
      "environment": "HOSTED",
      "authType": "NONE",
      "createdBy": "FLOW"
    },
    {
      "id": "31462c20-09d4-4bd3-9f7c-6676590b947b",
      "name": "Step 00 | Ivanti Inbound",
      "action": "RUN_SCRIPT",
      "type": "INBOUND_WEBHOOK",
      "deployed": true,
      "form": "f29e27ba-a53c-40aa-b555-b8b92ce5e65b",
      "environment": "HOSTED",
      "authType": "ANY",
      "createdBy": "FLOW",
      "integrationScriptStepUuid": "36a77fd6-50f1-4c7f-be4d-88d906b25021"
    },
    {
      "id": "ff960fb3-ba22-43d8-b47e-8beb22ea4d64",
      "name": "Step 01 | Ivanti Incident | Create Event",
      "action": "CREATE_EVENT",
      "type": "INBOUND_WEBHOOK",
      "deployed": true,
      "form": "f29e27ba-a53c-40aa-b555-b8b92ce5e65b",
      "script": "/**\n * Parse incoming data\n *\n * Typically, data is passed into an inbound integration as XML or JSON in the request\n * body, but you can represent the data in another format or include it as a query\n * parameter.\n *\n * The script's built-in request object enables you to access the elements of the\n * request, including the payload contained in the request body and any URL\n * parameters. The following code snippets show how to retrieve these values.\n * Choose the option that matches how your system includes data in the request to\n * the inbound integration URL.\n */\nvar payload = JSON.parse(request.body);  //Use this if the payload is a JSON object in the request body\n//var payload = JXON.parse(request.body);  //Use this if the payload is XML in the request body\n//var payload = request.parameters;        //Use this if the payload is in a query parameter\n\n// =====================================================================================================================\n// Initiate the event\n// =====================================================================================================================\nvar formPostResponse = form.post(payload);\n\n// Verify successful form.post(trigger)\nif (formPostResponse.statusCode >= 200 && formPostResponse.statusCode <= 299) {\n    console.log(\"Successfully posted to Form: \" + formPostResponse.statusCode);\n} else {\n    console.log(\"Failed to post to Form: \" + JSON.stringify(formPostResponse));\n    throw formPostResponse;\n}\n",
      "environment": "HOSTED",
      "authType": "ANY",
      "createdBy": "IB"
    }
  ],
  "endpoints": [
    {
      "name": "Ivanti",
      "baseUrl": "https://customer.saasit.com",
      "type": "EXTERNAL",
      "authentication": "NO_AUTH"
    }
  ],
  "constants": [
    {
      "name": "Ivanti Session Password",
      "value": "Password123",
      "description": "Password for Ivanti Session Username"
    },
    {
      "name": "Ivanti Session Tenant",
      "value": "customer.saasit.com",
      "description": "Session tenant to get session key authentication credentials, ex. customer.saasit.com or customer-uat.saasit.com"
    },
    {
      "name": "Ivanti Session Username",
      "value": "username",
      "description": "Username to get session key authentication credentials"
    },
    {
      "name": "Notes Prefix Default",
      "value": "[xMatters]",
      "description": "Prefix to use when adding Ivanti Notes"
    },
    {
      "name": "Responses Group",
      "value": "24a98bff-cf96-4dac-9842-76b6994321d5;2f28e3cc-48db-41ee-a5a4-60430b37181c",
      "description": "Response UUID(s) when targeting a Group; separate with semicolon (;)"
    },
    {
      "name": "Responses User",
      "value": "217a9f22-ee40-4ca8-835d-55d2555ee283",
      "description": "Response UUID(s) when targeting a User; separate with semicolon (;)"
    },
    {
      "name": "XMATTERS_INCIDENT_EVENT_IB_PATH",
      "value": "/api/integration/1/functions/{UUID}/triggers?apiKey={apiKey}",
      "description": "Path to Inbound IB (Step 01 | Incident | Create Event), URL Authentication, ex. /api/integration/1/functions/{UUID}/triggers/apiKey={apiKey}"
    }
  ]
}