[
  {
    "id": "69ff17e1-46b0-4318-9d19-a43291086d32",
    "name": "Create Event | Trigger Payload",
    "description": "Create an event using a trigger payload and an IB Inbound integration",
    "icon": "https://s3-xmatters-static.s3.amazonaws.com/null/customers/3b848a12-1bcd-46e7-898a-33d971126a56/IMAGE__20200226210034771__39f5e1f7-xmatters-mark-SMALL.png",
    "script": "// Set trigger payload\nvar trigger = {};\ntrigger = input['Trigger Payload'];\n\n// POST to xMatters Inbound Integration to create Event\nvar apiRequest = http.request({\n    'endpoint': 'xMatters',\n    'path': constants.XMATTERS_INCIDENT_EVENT_IB_PATH,\n    'method': 'POST'\n});\nvar responsePostIb = apiRequest.write(trigger);\n",
    "endpointLabel": "xMatters",
    "allowedEnvironment": "HOSTED",
    "accessibleByAll": "NotShared",
    "scriptStepType": "USER",
    "inputs": [
      {
        "id": "02cb9a16-29d7-4e95-92d9-62fcca7ec40e",
        "name": "Trigger Payload",
        "helpText": "",
        "defaultValue": "",
        "multiline": false,
        "required": true,
        "validationRegex": "",
        "maxLength": 50000,
        "minLength": 0,
        "position": 0
      }
    ],
    "outputs": [],
    "libraries": []
  },
  {
    "id": "7fccd026-2665-45da-9211-f180bb917e57",
    "name": "Ivanti | Add Notes",
    "description": "Add Notes to Ivanti Incident",
    "icon": "https://s3-xmatters-static.s3.amazonaws.com/null/customers/3b848a12-1bcd-46e7-898a-33d971126a56/IMAGE__20200217220944697__ivantiservicemanager_36.png",
    "script": "// Assign input variables\nvar sessionKeyParsed = input['Session Key Parsed'];\nvar recId = input.RecId;\nvar noteContent = input['Note Content'];\n\n// Define and execute the Incident update\nvar pathStr = \"/api/odata/businessobject/incidents('\" + recId + \"')\";\n\nvar apiRequest = http.request({\n    'endpoint': 'IVANTI',\n    'path': pathStr,\n    'method': 'PUT',\n    'headers' : {\n        'Content-Type': 'application/json',\n        'Authorization': sessionKeyParsed\n    }\n});\n\nvar notePayload;\nnotePayload = {\n    \"NewNotes\": noteContent\n};\n\nvar apiResponse = apiRequest.write(notePayload);\nif (apiResponse.statusCode < 200 || apiResponse.statusCode > 299) {\n    throw \"Unable to Add Notes to Ivanti Incident: \" + apiResponse.statusCode + \" | \" + apiResponse.statusMessage;\n}\n ",
    "endpointAuthType": "NO_AUTH",
    "endpointLabel": "IVANTI",
    "allowedEnvironment": "HOSTED",
    "accessibleByAll": "NotShared",
    "scriptStepType": "USER",
    "inputs": [
      {
        "id": "9d80dab4-fec2-46d9-99e7-12d7f536e162",
        "name": "Session Key Parsed",
        "helpText": "",
        "defaultValue": "",
        "multiline": false,
        "required": true,
        "validationRegex": "",
        "maxLength": 200,
        "minLength": 0,
        "position": 0
      },
      {
        "id": "0ac06c0c-7faa-4c65-b622-d8c0a4a26a40",
        "name": "RecId",
        "helpText": "",
        "defaultValue": "",
        "multiline": false,
        "required": true,
        "validationRegex": "",
        "maxLength": 100,
        "minLength": 0,
        "position": 1
      },
      {
        "id": "aa847da7-cdfb-48ab-b3ee-4bffcc54d838",
        "name": "Note Content",
        "helpText": "",
        "defaultValue": "",
        "multiline": false,
        "required": false,
        "validationRegex": "",
        "maxLength": 300,
        "minLength": 0,
        "position": 2
      }
    ],
    "outputs": [],
    "libraries": []
  },
  {
    "id": "3c81325e-472c-48e9-a41f-2a1b393d91bb",
    "name": "Ivanti | Assign Incident",
    "description": "Assign user and set Incident to Active",
    "icon": "https://s3-xmatters-static.s3.amazonaws.com/null/customers/3b848a12-1bcd-46e7-898a-33d971126a56/IMAGE__20200217220944697__ivantiservicemanager_36.png",
    "script": "// Assign input variables\nvar sessionKeyParsed = input['Session Key Parsed'];\nvar recId = input.RecId;\nvar noteContent = input['Note Content'];\nvar responder = input['Responder User ID'];\n\n// Define and execute the Incident update\nvar pathStr = \"/api/odata/businessobject/incidents('\" + recId + \"')\";\n\nvar apiRequest = http.request({\n    'endpoint': 'IVANTI',\n    'path': pathStr,\n    'method': 'PUT',\n    'headers' : {\n        'Content-Type': 'application/json',\n        'Authorization': sessionKeyParsed\n    }\n});\n\nvar notePayload;\nnotePayload = {\n    \"NewNotes\" : noteContent,\n    \"Owner\" : responder,\n    \"Status\": \"Active\"\n\n};\n\nvar apiResponse = apiRequest.write(notePayload);\nif (apiResponse.statusCode < 200 || apiResponse.statusCode > 299) {\n    throw \"Unable to Add Notes to Ivanti Incident: \" + apiResponse.statusCode + \" | \" + apiResponse.statusMessage;\n}\n ",
    "endpointAuthType": "NO_AUTH",
    "endpointLabel": "IVANTI",
    "allowedEnvironment": "HOSTED",
    "accessibleByAll": "NotShared",
    "scriptStepType": "USER",
    "inputs": [
      {
        "id": "8d05544f-a5c8-4acc-8cf0-2812f6e9a731",
        "name": "Session Key Parsed",
        "helpText": "",
        "defaultValue": "",
        "multiline": false,
        "required": true,
        "validationRegex": "",
        "maxLength": 200,
        "minLength": 0,
        "position": 0
      },
      {
        "id": "dd7592ee-53fa-4daf-add0-4199f4418426",
        "name": "RecId",
        "helpText": "",
        "defaultValue": "",
        "multiline": false,
        "required": true,
        "validationRegex": "",
        "maxLength": 100,
        "minLength": 0,
        "position": 1
      },
      {
        "id": "89fd0011-e5d4-446b-9ab8-659f90b3ca03",
        "name": "Note Content",
        "helpText": "",
        "defaultValue": "",
        "multiline": false,
        "required": false,
        "validationRegex": "",
        "maxLength": 300,
        "minLength": 0,
        "position": 2
      },
      {
        "id": "d41667af-5f07-4a3f-ac8c-f1b715d4e7d4",
        "name": "Responder User ID",
        "helpText": "Responder targetName",
        "defaultValue": "",
        "multiline": false,
        "required": true,
        "validationRegex": "",
        "maxLength": 50,
        "minLength": 0,
        "position": 3
      }
    ],
    "outputs": [],
    "libraries": []
  },
  {
    "id": "36a77fd6-50f1-4c7f-be4d-88d906b25021",
    "name": "Ivanti | Inbound",
    "description": "",
    "icon": "https://s3-xmatters-static.s3.amazonaws.com/null/customers/3b848a12-1bcd-46e7-898a-33d971126a56/IMAGE__20200217220944697__ivantiservicemanager_36.png",
    "script": "/**\n* Parse incoming data\n*/\nvar payload = JSON.parse(request.body);  //Use this if the payload is a JSON object in the request body\n//var payload = JXON.parse(request.body);  //Use this if the payload is XML in the request body\n//var payload = request.parameters;        //Use this if the payload is in a query parameter\n\nvar trigger = {};\nvar owner = (typeof payload.Owner !== \"undefined\") ? payload.Owner : \"\";\nvar ownerTeam = (typeof payload.OwnerTeam !== \"undefined\") ? payload.OwnerTeam : \"\";\nvar recId = (typeof payload.RecId !== \"undefined\") ? payload.RecId : \"\";\nvar type = (typeof payload.Type !== \"undefined\") ? payload.Type : \"\";\n\n/**\n* Define outputs\n*/\noutput.RecId = recId;\noutput.Type = type;\n\n/**\n* Define recipients and response options\n*/\nconsole.log('TYPE: ' + type);\nvar recipients = [];\nvar responseOptions = [];\nvar response = JSON.parse(constants['Response Map']);\n\nswitch (type) {\n    case 'New Incident':\n    case 'Reassigned':\n    case 'Priority Upgrade':\n    case 'Reopened':\n        if (owner !== \"\" && owner !== \"undefined\") {\n            recipients.push({ \"id\": owner, \"recipientType\": \"PERSON\" });\n            responseOptions.push({ \"id\": response['Acknowledge'] });\n        } else {\n            recipients.push({ \"id\": ownerTeam, \"recipientType\": \"GROUP\" });\n            responseOptions.push({ \"id\": response['Assign to me'] });\n            responseOptions.push({ \"id\": response['Escalate'] });\n        }\n        break;\n\n    case 'Terminate':\n        break;\n\n    default:\n        throw \"Invalid Type: \" + type;\n}\ntrigger.recipients = recipients;\ntrigger.responseOptions = responseOptions;\n\n// Setup initial trigger payload\ntrigger.properties = payload;\n\noutput['Initial Trigger Payload'] = trigger;\n",
    "allowedEnvironment": "HOSTED",
    "accessibleByAll": "NotShared",
    "triggerAuthType": "ALLOW_ALL",
    "scriptStepType": "CUSTOM_HTTP",
    "inputs": [],
    "outputs": [
      {
        "id": "66a798f1-1d19-4698-a8fb-f4f0e54825ce",
        "name": "RecId",
        "description": "",
        "position": 0
      },
      {
        "id": "124abf25-617b-47a4-b6d2-8ec416440d66",
        "name": "Type",
        "description": "",
        "position": 1
      },
      {
        "id": "2f38feda-d430-4cd4-aab6-a0fe2836a4d4",
        "name": "Initial Trigger Payload",
        "description": "",
        "position": 2
      }
    ],
    "libraries": []
  },
  {
    "id": "c3d2abf1-1f14-42a0-b5a8-13540cdb785a",
    "name": "Ivanti | Release Session Key",
    "description": "",
    "icon": "https://s3-xmatters-static.s3.amazonaws.com/null/customers/3b848a12-1bcd-46e7-898a-33d971126a56/IMAGE__20200217220944697__ivantiservicemanager_36.png",
    "script": "// Define POST to Ivanti to get a Session Key\nvar apiRequest = http.request({\n    'endpoint': 'IVANTI',\n    'path': 'api/rest/authentication/logout',\n    'method': 'DELETE',\n    'headers': {\n        'Content-Type': 'application/json',\n        'Authorization': input['Session Key Parsed']\n    }\n});\n\n// Define Session payload\nvar tenantData = {\n    \"tenant\": constants['Ivanti Session Tenant']\n};\n\nvar apiResponse = apiRequest.write(tenantData);\nif (apiResponse.statusCode >= 200 && apiResponse.statusCode <=299) {\n    console.log(\"Successful logout Session Key\");\n} else {\n    console.log(\"Unable to logout Session Key: \" + apiResponse.statusCode + \" | \" + apiResponse.statusMessage) ;\n}\n",
    "endpointAuthType": "NO_AUTH",
    "endpointLabel": "IVANTI",
    "allowedEnvironment": "HOSTED",
    "accessibleByAll": "NotShared",
    "scriptStepType": "USER",
    "inputs": [
      {
        "id": "eca915d3-63ac-4ba1-91e9-f9b5f180b37d",
        "name": "Session Key Parsed",
        "helpText": "",
        "defaultValue": "",
        "multiline": false,
        "required": true,
        "validationRegex": "",
        "maxLength": 500,
        "minLength": 0,
        "position": 0
      }
    ],
    "outputs": [],
    "libraries": []
  },
  {
    "id": "0acbd9b4-85b5-4499-a0db-f1e81a77ff0c",
    "name": "Ivanti | Retrieve Session Key",
    "description": "Retrieve Session Key for API auth",
    "icon": "https://s3-xmatters-static.s3.amazonaws.com/null/customers/3b848a12-1bcd-46e7-898a-33d971126a56/IMAGE__20200217220944697__ivantiservicemanager_36.png",
    "script": "// Define POST to Ivanti to get a Session Key\nvar apiRequest = http.request({\n    'endpoint': 'IVANTI',\n    'path': 'api/rest/authentication/login',\n    'method': 'POST',\n    'headers': {\n        'Content-Type': 'application/json'\n    }\n});\n\n// Define Session payload\nvar sessionData = {\n    \"tenant\": constants['Ivanti Session Tenant'],\n    \"username\": constants['Ivanti Session Username'],\n    \"password\": constants['Ivanti Session Password'],\n    \"role\": \"Admin\"\n};\n\nvar apiResponse = apiRequest.write(sessionData);\nif (apiResponse.statusCode >= 200 && apiResponse.statusCode <=299) {\n    var sessionKeyParsed = apiResponse.body.substring(1,apiResponse.body.length-1);\n    output['Session Key Parsed'] = sessionKeyParsed;\n} else {\n    throw \"Unable to retrieve Session Key: \" + apiResponse.statusCode + \" | \" + apiResponse.statusMessage;\n}\n",
    "endpointAuthType": "NO_AUTH",
    "endpointLabel": "IVANTI",
    "allowedEnvironment": "HOSTED",
    "accessibleByAll": "NotShared",
    "scriptStepType": "USER",
    "inputs": [],
    "outputs": [
      {
        "id": "31c10487-9292-48a2-8ce9-7415a9e28a74",
        "name": "Session Key Parsed",
        "description": "",
        "position": 0
      }
    ],
    "libraries": []
  }
]